First Name,Last Name,Phone
Domingo,Trusslove,+1 300 571 1254
Stern,Dunridge,+62 471 200 0621
Worth,Signoret,+380 599 125 2143
Beret,Eva,+62 963 202 1771
Kendra,Peatt,+33 486 275 0331
Keene,Klees,+507 665 346 7615
Jesus,Vickerman,+62 641 673 2540
Kennedy,Allam,+689 130 189 6549
Erinna,Howard,+46 333 698 7825
Michale,Blaxton,+86 135 911 0028
Waneta,Foulcher,+7 561 499 4062
Denis,Koche,+81 483 581 0133
Diane-marie,Blackhall,+62 693 784 7327
Orren,Blankman,+380 899 228 5976
Rubie,Sacco,+46 582 549 3949
Halette,Wardington,+356 901 323 3989
Konstantin,Sexcey,+81 849 488 0982
Alta,Wealthall,+48 305 294 1712
Drusilla,Yole,+63 835 703 4191
Georgette,De Atta,+63 680 472 9090
Wayne,Pucker,+55 926 454 9378
Rhodia,Sankey,+86 256 311 4254
Town,Bartul,+33 836 502 1856
Farand,Nerger,+86 491 160 5369
Isidore,Daniaud,+62 207 111 0711
Drugi,Brockest,+63 303 105 5614
Willie,Luther,+86 126 115 2749
Eudora,Grabeham,+62 795 549 9484
Dorothy,Rottcher,+86 347 757 6166
Tarra,Hallt,+46 503 808 2695
Louie,Spat,+7 153 784 6671
Reiko,Ceccoli,+86 193 765 0875
Coralie,Adamiak,+84 724 425 2539
Luciana,Narramore,+57 529 343 0691
Sidney,Sheldrick,+31 402 600 8678
Bette,Philipard,+62 339 237 6740
Sheri,Arlott,+86 963 445 2030
Juliet,Leith-Harvey,+62 792 758 9263
Kayle,Gasson,+1 404 223 7402
Leonore,Cresser,+420 779 912 3002
Claretta,Mees,+81 901 940 1029
Myrle,Foro,+1 407 759 7355
Eddy,Blindermann,+62 165 756 9277
Morie,Waterland,+234 897 212 1839
Zorah,Wickie,+62 874 690 9353
Billye,Cridge,+234 478 311 8970
Jacenta,Cobbledick,+34 777 227 7475
Xymenes,Plenderleith,+86 790 466 0925
Charline,Marchant,+351 506 553 4812
Lisette,Critchlow,+225 565 380 9241
Frederigo,Dotson,+63 897 968 3920
Mikol,Meneely,+62 200 542 4324
Isabelita,Keitley,+86 507 500 7017
Darnall,Elwel,+33 428 959 8082
Ollie,Lydall,+86 283 414 1558
Lettie,Durham,+51 298 178 9937
Kaela,Hawkridge,+1 904 948 0604
Viva,Tregunnah,+1 906 524 3437
Guillemette,Jimeno,+351 273 592 4687
Kiel,Sorsbie,+57 428 487 4788
Christoforo,Simmen,+33 146 116 8980
Ailsun,Divine,+30 352 894 4399
Winthrop,Michelmore,+62 900 825 6125
Gay,O'Doherty,+7 779 911 7896
Arlena,Loeber,+265 119 270 9674
Bibi,O'Carran,+47 279 431 4040
Gaultiero,Haldin,+374 463 512 6602
Cloris,Gaiger,+996 437 840 0436
Chandra,Swaffield,+63 927 806 2006
Cecile,Billingsly,+58 148 898 0320
Marita,Kearford,+55 282 812 0768
Constantino,Rawlcliffe,+356 541 857 9345
Taber,McFarlan,+81 113 195 6795
Cooper,Crowther,+506 976 185 4131
Batholomew,Glasheen,+86 715 315 2997
Cynthia,Sofe,+63 445 598 4432
Fina,Caveill,+48 993 546 2080
Doug,Trounson,+57 348 157 0675
Vin,Frankom,+30 511 129 3089
Kaine,Mattiato,+351 458 845 8923
Kaitlynn,Blacket,+62 337 379 2588
Oona,McCathay,+62 964 665 7619
Piotr,Ciementini,+590 775 430 8166
Stefania,Rock,+385 261 542 9800
Bondie,Swansbury,+58 142 214 5186
Mahmoud,Dodson,+62 707 375 8519
Moira,Tredgold,+63 290 109 2710
Sax,Baythrop,+1 816 583 3910
Omar,Fawthrop,+373 204 379 3853
Tatiania,Kaspar,+33 226 245 3035
Caril,Dayce,+86 782 785 4184
Zuzana,Sennett,+63 168 599 4311
Giffie,Richardson,+62 408 606 9457
Daniella,Parfitt,+86 719 217 7342
Pepito,Brisco,+86 922 933 5074
Lezlie,Po,+7 966 996 3827
Gnni,Anetts,+55 622 629 2524
Davis,Amner,+351 171 224 7469
Magdalen,Robeiro,+86 954 561 2772
Sabra,Dionisii,+86 920 555 3554
Ernaline,Sallier,+63 529 751 6796
Bambi,Pauli,+7 236 190 4662
Michelina,Ferson,+351 877 131 3004
Matthus,Date,+1 217 907 6074
Ofella,Glaze,+598 595 811 4404
Rubie,Sydall,+86 304 614 8043
Alec,Gierok,+86 324 910 2831
Maurizia,Binyon,+351 322 893 1824
Rourke,Lempel,+355 137 680 9312
Diane-marie,Themann,+267 209 935 2605
Jerald,Mabson,+86 832 666 1972
Kyla,Harrismith,+420 134 267 3322
Hillary,Tibbits,+86 740 541 3519
Conway,Cucuzza,+351 506 900 7387
Clarie,Gilders,+1 512 241 6357
Chevy,Robelet,+86 899 862 3453
Brigitte,Ellicock,+46 661 635 4626
Cello,Moulsdale,+33 398 514 0656
Otto,Aizikovitz,+33 712 589 4670
Marleen,Ebdin,+86 495 118 5884
Ingaborg,Hasel,+1 712 835 6560
Ritchie,Lavielle,+51 803 818 1186
Goldie,Izac,+62 209 441 7133
Lorenza,Addeycott,+86 294 291 0424
Boycie,Colten,+33 920 690 9541
Mart,Loughman,+7 151 951 2359
Elicia,June,+55 790 570 5678
Karlie,Joppich,+7 758 529 8888
Erhart,Conkie,+66 672 929 5594
Selina,Sloam,+351 153 788 3841
Buffy,Bernardt,+54 403 411 9060
Pembroke,Streetley,+48 187 666 1631
Jojo,Pudsall,+961 809 778 4394
Nels,Dell'Abbate,+220 935 778 8151
Sonnie,Mudle,+46 135 120 7417
Teddi,Rix,+963 352 674 5413
Melessa,Franseco,+353 300 649 3039
Crista,Suttie,+86 345 917 4436
Nels,Samett,+7 878 820 2853
Vi,Burgise,+62 730 878 2700
Catharina,Colegate,+264 492 314 8131
Quillan,Zambon,+33 986 280 1241
Torry,Laimable,+7 227 281 9390
Teri,Pena,+86 983 728 2197
Charlton,Guppie,+66 524 193 0424
Cally,Matterface,+46 667 773 7380
Braden,Blaes,+86 775 447 1364
Maddie,McCue,+52 873 399 4417
Marci,Gotfrey,+86 144 438 3041
Nancee,Form,+234 375 440 9058
Odo,Holde,+7 291 674 1433
Lucina,Coney,+1 479 298 3296
Max,Ceaser,+60 485 462 9345
Agnes,Chorlton,+351 961 470 1555
Javier,Dugmore,+86 783 513 8430
Troy,Beddow,+86 833 165 5884
Jennine,Duxfield,+81 705 674 5953
Camala,Scardifeild,+33 702 937 1908
Tommie,Lukasen,+380 272 343 2757
Kelli,Rubie,+62 965 313 7874
Miquela,Crossland,+63 356 758 2067
Decca,Mayger,+45 154 531 5588
Haydon,Manktelow,+44 549 775 4871
Florinda,Favell,+1 865 687 4751
Fannie,Wreford,+95 891 984 5305
Judah,Camamile,+86 231 474 5814
Ulrich,Joontjes,+7 212 760 8082
Georgeanna,Rewbottom,+86 410 804 1867
Hilde,Werndly,+63 126 998 3867
Opal,Stead,+46 846 243 9075
Lyndsie,Fratson,+880 954 398 0439
Jilli,Uccelli,+86 906 787 9530
Nappy,Gredden,+46 506 797 8012
Bibby,Tal,+81 605 918 0328
Betty,Mannakee,+86 707 243 8856
Hieronymus,Pettifor,+46 223 546 4750
Maryjane,Frede,+212 395 441 5815
Marney,Monan,+86 181 856 0165
Shurwood,Eberst,+86 772 740 1727
Elfrida,Willacot,+62 946 617 1861
Melisent,Oriel,+1 405 502 7822
Erminia,Mityashin,+34 701 179 2236
Lodovico,Titchmarsh,+1 224 523 9196
Perceval,Rodwell,+62 787 353 5464
Gabrila,McCrie,+52 508 301 1281
Brittan,Dooly,+86 658 193 0809
Cari,Benit,+504 815 104 2818
Claire,Hadfield,+972 951 543 5653
Gibbie,Roft,+86 798 866 9017
Charmine,Ugoletti,+86 524 477 3551
Emlynn,Gonthier,+357 604 521 3856
Debee,Jahnel,+33 946 913 5698
Franklyn,Weld,+62 591 561 2300
Winonah,Millership,+1 196 429 6503
Paulina,Ghidini,+33 904 923 8182
Noell,McLaverty,+86 467 662 9632
Beverley,Kroin,+351 353 119 0931
Caril,Beagen,+7 955 389 5648
Kerrie,Lepard,+55 513 939 1946
Min,Paraman,+60 736 406 4737
Jayson,Lakey,+7 274 357 1400
Celestine,Janson,+504 394 760 6535
Levey,Gadault,+371 655 767 0937
Lark,Piddlehinton,+218 995 103 5562
Latrina,Frisby,+267 797 284 6400
Devora,Lantoph,+66 979 721 9277
Packston,Karle,+86 760 459 0543
Hoyt,Cumming,+1 712 338 8411
Valencia,Esgate,+380 548 859 8645
Milka,Staggs,+7 583 765 0307
Forester,Cheverton,+60 223 550 8064
Vikki,Welman,+7 833 142 0739
Whitman,Stut,+62 397 239 9691
Dillie,Tiner,+86 158 282 0884
Webb,Crotch,+86 795 671 2941
Cynde,Sparshatt,+233 893 230 1796
Clare,Pellitt,+502 126 470 3140
Hebert,Haggus,+86 530 146 9878
Carole,Eleshenar,+261 535 523 3685
Jaye,Widdup,+86 509 977 6263
Meier,Feldhuhn,+86 818 984 0662
Lilli,Albarez,+351 414 545 3705
Mendel,Sinnie,+224 758 404 9415
Adair,Dyhouse,+86 537 795 4825
Bevvy,Maginot,+216 646 598 1783
Alia,Sanford,+86 173 103 9128
Guillaume,Liversidge,+7 197 755 1021
Clint,Strotton,+86 765 496 3767
Benoite,Simonelli,+46 455 179 2632
Nicolas,McCheyne,+63 763 197 2324
Kyle,Symington,+62 702 528 1784
Anders,Cadogan,+81 978 908 1389
Otis,Simla,+84 913 917 5218
Bert,Forman,+66 327 970 1053
Anselm,Tomasek,+380 119 595 4963
Nita,Mayzes,+7 424 588 3880
Chery,Girdlestone,+48 470 761 0502
Federica,Greeding,+86 472 786 8285
Kipp,Escoffrey,+7 190 798 3885
Frannie,Stathers,+86 196 662 1335
Denyse,Stentiford,+972 372 822 8803
Emelen,McGeaney,+84 710 876 6926
Rosabelle,Borris,+33 799 115 3866
Sigismund,Waterland,+420 301 713 1941
Ferguson,Blenkensop,+351 287 595 4578
Vasili,Venn,+86 716 626 4119
Denys,O'Hartagan,+52 246 964 9144
Bev,Dovington,+27 512 602 3102
Adriane,Dobrovsky,+86 137 815 2740
Gayelord,Winscum,+55 410 349 6154
Thatcher,Slyvester,+358 997 375 7224
Jessalyn,Persich,+216 454 760 3851
Elvera,Kleinplac,+7 683 915 1613
Joete,Cousins,+62 847 569 7785
Murdoch,Cope,+63 667 990 3515
Norine,Mallion,+63 275 548 8417
Ernie,Kleinplatz,+86 222 894 6200
Leroi,Wallace,+55 270 448 5760
Francklin,Bettaney,+992 946 838 9402
Kyla,Rosindill,+30 133 686 2957
Mal,Gellion,+385 104 525 6660
Brennan,Dullingham,+49 635 194 8537
Leicester,Crepin,+504 908 307 7618
Jervis,Braunds,+62 619 740 2778
Nana,Pilsbury,+55 291 819 8277
Virginie,Moquin,+351 250 389 8167
Hammad,Boakes,+60 369 765 5063
Raphael,Kelberman,+55 354 209 8272
Alford,Prevost,+66 422 174 5761
Vivien,Simonds,+675 728 362 6963
Laurent,Sey,+234 268 748 5272
Patrick,Grishagin,+62 235 824 0606
Erhard,Noor,+380 170 234 6222
Rosita,Pascoe,+33 522 532 3197
Adelina,Pettersen,+58 242 462 5292
Mollie,Halfhead,+92 204 515 1176
Jeffrey,Williscroft,+86 769 221 8991
Abbie,Perrett,+7 371 474 6851
Susy,Fotherby,+92 526 243 0794
Jenifer,Schwerin,+58 319 416 2213
Penn,McBride,+62 822 288 8206
Benedict,Shilling,+86 220 911 1680
Marja,Keyes,+86 121 242 5392
Teena,Morgue,+351 285 492 6123
Hobey,Coffee,+57 542 472 0981
Salome,Barrick,+66 644 840 5056
Skelly,McCartney,+55 987 315 4159
Gilbertina,Christer,+380 846 407 3344
Marena,Borley,+380 466 749 1499
Nevil,Grishanin,+57 272 825 0660
Yoko,Eseler,+7 327 638 0240
Bernarr,Howley,+381 957 157 8193
Annamaria,Dowse,+84 657 772 7156
Stesha,Shulem,+231 736 873 8566
Toinette,Reeds,+7 478 922 6491
Janetta,Priestnall,+976 777 967 6448
Dorris,Lamplough,+27 841 127 3684
Montgomery,Zaniolini,+86 185 228 8139
Kassey,Sterricker,+47 563 987 2099
Malvin,Iliffe,+81 626 138 4493
Sander,Vignal,+86 594 863 2534
Maxie,Giffon,+355 145 968 2853
Lyndell,Garrett,+48 330 449 7832
Evin,Garstan,+7 449 479 7343
Weston,Fotherby,+62 667 166 6644
Sosanna,Carass,+46 423 930 7101
Ogdon,Baszkiewicz,+81 378 372 1042
Rasla,Osmant,+63 682 806 7710
Marc,Scherer,+351 144 759 0057
Karlotta,Fallowes,+380 978 408 9190
Dedie,Jarret,+27 972 284 8362
Doralynn,Sellstrom,+62 864 722 8866
Rosabella,Hawkswood,+62 736 151 4431
Jodi,Enderlein,+52 224 448 3628
Shawnee,Andrieu,+63 608 617 1495
Saw,Dowdam,+7 166 193 5396
Peirce,Doding,+86 143 687 5851
Sandy,Cunnell,+86 391 836 5671
Valaria,Manna,+60 171 292 8734
Dorisa,McMickan,+504 385 560 8390
Allyce,Cullagh,+51 751 599 0341
Faunie,Barwise,+30 823 893 4263
Keri,Noddings,+48 628 563 6981
Cosimo,MacAnulty,+33 659 126 7034
Sigismundo,Lovart,+52 173 359 9069
Iolande,Walewicz,+86 562 314 5020
Ermengarde,Columbine,+51 284 528 6440
Jaimie,Hawkings,+66 590 825 4895
Flemming,Tayler,+62 401 931 1066
Phyllis,Parades,+86 156 420 9270
Beale,Manna,+27 462 925 8247
Cairistiona,Batman,+352 106 778 3304
Samantha,Dorset,+46 259 862 8529
Padraic,Czaple,+7 800 223 7166
Arvy,Capel,+62 484 645 9007
Selma,Yexley,+852 222 699 3211
Rosmunda,Isaksen,+86 364 333 8600
Calypso,Delieu,+244 904 216 1519
Nadean,Cauderlie,+86 935 511 1520
Abbe,D'Alesco,+46 631 658 7027
Jeth,Mealand,+55 171 330 1690
Valene,Marrow,+46 775 742 2927
Daisi,Binding,+374 456 608 7819
Hedi,Vaz,+62 589 980 4290
Daffi,Reade,+62 746 532 5891
Ulysses,Corzon,+972 169 338 6159
John,Allmark,+86 453 413 0221
Adina,Hoodless,+420 705 388 3355
Hesther,Wisdom,+86 813 553 8820
Zachery,Aurelius,+352 319 861 0705
Jarret,Wanstall,+420 897 437 3015
Armando,Dutnall,+62 718 571 0230
Kelley,Gauvin,+63 553 264 9060
Elva,Swadden,+7 587 648 9878
Amos,Gadesby,+86 487 184 3601
Evvie,Wandrich,+371 826 742 3635
Daffie,Breens,+86 907 359 9503
Jorgan,Chapell,+86 382 374 6233
Roby,Ommundsen,+86 924 855 1986
Justen,Cabane,+86 828 935 2950
Ermengarde,Jolliff,+86 523 137 4375
Barbee,Aireton,+86 446 872 3079
Haley,Covolini,+86 494 741 3409
Nickolaus,Arnott,+51 532 881 4087
Jan,Schmuhl,+86 381 944 6900
Daisie,Nunnerley,+62 135 686 7443
Arny,de Pinna,+86 567 312 8054
Ewan,Algore,+7 240 349 8561
Manya,Dechelle,+62 101 900 7022
Freeman,Gabbatiss,+55 188 226 5249
Archie,Lampart,+351 354 287 2305
Luisa,Anning,+55 471 565 8922
Vonnie,Swadling,+86 973 821 2283
Daniel,Keer,+992 654 445 9593
Packston,Orto,+64 632 578 6739
Robinson,Pill,+33 955 580 3469
Byrom,Venus,+504 264 583 2989
Felicdad,Gunson,+86 679 709 9192
Derrek,De Gouy,+374 635 100 8601
Cati,Gutsell,+86 474 240 1889
Mona,Dorow,+46 305 695 0554
Gare,Writer,+380 594 762 9062
Samson,Dyball,+1 702 876 9810
Davine,Caizley,+595 312 293 5770
Sharlene,Rigden,+976 650 463 8037
Shell,Maleby,+86 953 396 6553
Garold,Connett,+86 190 427 8857
Prisca,Creed,+48 839 121 6370
Diana,Briscow,+351 159 565 3868
Ernst,Bavidge,+33 228 207 8551
Nariko,Drackford,+86 642 860 8659
Jaclyn,Wehner,+353 522 149 8042
Westbrooke,Cristofol,+86 519 710 4756
Brena,Kerman,+375 906 939 1258
Libby,De Beauchemp,+47 158 880 7484
Kippie,Cumbers,+84 842 974 1940
Mitchael,Franciskiewicz,+63 840 838 5050
Dulcy,Nacey,+86 939 228 3787
Horatia,Lygo,+48 797 952 7763
Miran,Newland,+30 430 662 5239
Klaus,Akroyd,+1 395 715 0003
Courtney,Pledge,+502 743 500 9672
Oliviero,Liptrot,+62 455 455 4473
Ezmeralda,Trowsdale,+62 853 333 5836
Lesly,Ormshaw,+86 386 761 7695
Emily,Doiley,+86 254 501 9572
Wilow,Grocock,+63 546 245 8340
Worden,Ygou,+386 857 711 7627
Rodge,Reynard,+55 631 875 6671
Harriot,Simpson,+86 649 419 6116
Guthrie,Minucci,+55 232 149 7580
Roch,Kyberd,+86 477 248 2310
Larisa,Phil,+47 620 229 6925
Fleurette,Brognot,+62 578 269 5185
Pearline,Vickerstaff,+7 249 431 7425
Jenica,O'Kane,+86 368 313 7535
Dene,Bearward,+7 639 133 1962
Aridatha,Angric,+30 694 951 5501
Bradford,Daltrey,+46 268 758 1441
Mathew,Hebden,+880 993 411 2205
Diarmid,Salt,+7 516 215 4249
Viviene,Sehorsch,+7 849 837 9234
Rowan,Colqueran,+81 104 196 6981
Lenna,Seint,+86 292 897 5958
Ofelia,Barrim,+55 342 222 2180
Reeta,Vasilevich,+502 794 917 3132
Reagan,Genever,+1 318 731 9383
Guthry,Sparks,+62 902 775 8531
Hobey,Armsby,+420 866 357 9350
Cullie,Enterle,+66 348 365 4046
Lonnie,Burn,+351 376 187 6832
Ethelyn,Axford,+256 981 104 6068
Dorette,Seers,+231 492 410 1428
Turner,Andrelli,+30 445 200 5223
Floris,Dukelow,+86 283 168 3990
Etan,Coules,+86 156 146 9671
Padget,Hannigane,+595 722 954 0212
Binni,Treanor,+86 814 971 5110
Ilario,Giannazzi,+269 422 797 0254
Jay,Tomankowski,+51 692 680 1820
Dorie,Redborn,+389 828 923 0982
Joyous,Winterborne,+381 776 385 4441
Erika,Delmage,+93 195 607 0184
Wilbur,Jimes,+51 208 517 2884
Agata,Relf,+7 845 728 9369
Berenice,McAnalley,+62 779 597 6085
Jermaine,Hadenton,+86 384 295 5160
Mateo,Cranfield,+62 324 588 4427
Darb,Camps,+358 794 675 2903
Kittie,Anslow,+62 407 788 1696
Ladonna,Senussi,+62 329 293 1561
Caldwell,Goldbourn,+1 235 925 6371
Ashlie,Churching,+48 371 471 8023
Alex,Valti,+86 324 544 4272
Marmaduke,Gratton,+244 999 274 2099
Marcus,Pollastro,+52 241 490 7228
Bryant,Surcomb,+57 188 800 3930
Sammie,Simonich,+51 159 265 1464
Henrie,Scutcheon,+27 790 522 8461
Juli,Strike,+7 708 984 3760
Ches,Latek,+62 365 284 1506
Andra,Gillham,+7 598 945 6376
Wainwright,Udale,+58 629 438 0758
Channa,Dullard,+46 479 152 8995
Jermayne,Corrett,+855 678 821 2587
Kirby,Poltun,+62 345 901 1879
Hoebart,Charlwood,+84 421 998 5015
Feliza,Huffy,+81 839 713 4163
Brinn,Degenhardt,+351 732 767 0193
Germain,Cregeen,+386 133 860 2972
Flemming,Anstie,+225 697 159 8115
Tamas,Goolding,+55 498 124 8965
Arv,Messam,+44 581 229 0114
Parnell,McClaurie,+220 738 776 6617
Sallie,Abrahams,+1 214 288 9051
Shauna,Artingstall,+1 710 277 5687
Augustine,Jacketts,+86 621 520 9844
Tamra,Gallego,+351 424 364 9888
Monte,Pluck,+86 320 536 4842
Juan,Iorizzo,+86 579 390 6270
Ursola,Roaf,+62 731 829 1094
Ruthi,Manville,+55 959 277 5825
Shanon,Antognelli,+970 677 804 9219
Kattie,Klainer,+86 365 510 1370
Carmita,Jee,+51 126 306 6332
Idette,Quye,+63 385 490 1370
Muffin,Bussel,+86 614 140 8478
Eldin,Skittrell,+267 140 235 3509
Silvana,Cawsby,+212 180 769 9667
Shannah,Pittson,+86 546 530 0444
Florentia,Redwood,+234 169 609 7955
Rodrique,Tuffley,+212 777 310 0126
Codee,Treffry,+55 522 163 3221
Christina,Lafontaine,+235 365 692 9898
Timmie,Henzer,+86 121 106 2103
Winn,Kas,+86 776 958 5458
Kirstin,Le Pruvost,+7 779 479 8655
Sax,Overthrow,+506 916 409 4775
Lewes,Feldstein,+380 305 121 4918
Tracey,Skpsey,+355 375 344 3706
Feodor,Cassam,+62 718 432 9882
Maia,Sabater,+48 525 412 8685
Issiah,Mussington,+81 452 160 0648
Ileana,Sheara,+46 915 415 8218
Estella,Taye,+86 896 229 7913
Rollo,Zannini,+33 712 717 3683
Rriocard,Feaks,+225 559 950 1440
Poul,Endricci,+62 158 326 8789
Gilda,Koche,+55 694 948 0727
Byrom,Simkiss,+380 915 813 0372
Torrie,Kilmary,+84 976 850 5461
Murray,Dutt,+86 228 826 9916
Maryanne,Polglase,+63 192 295 1534
Gwenneth,Chantree,+62 780 322 9791
Lisette,Steers,+7 197 323 0641
Lacee,Eickhoff,+81 996 984 4989
Corny,Collop,+86 257 989 7004
Ellary,Pandie,+47 930 313 2956
Virgie,Powe,+27 609 558 0117
Desi,Joslyn,+351 743 147 2526
Chilton,Siddon,+48 956 403 3835
Guillema,Grishagin,+63 213 377 5812
Coralie,Shepeard,+94 460 457 2245
Verene,Gennings,+380 280 368 0338
Moreen,Cleeve,+86 385 195 6274
Daphene,McHardy,+44 517 533 3443
Bryana,Crebott,+351 885 548 4594
Barbabra,Tyrer,+62 328 949 7943
Norbert,Hannah,+55 540 141 6729
Pierson,Sambrok,+86 620 342 5895
Pooh,Rugg,+62 384 104 0178
Felicdad,Poulter,+86 446 857 4065
Garrot,Vinden,+46 459 833 9518
Scarlett,Poveleye,+250 660 130 6582
Jody,Claricoats,+86 975 922 2891
Nettle,Logan,+86 831 763 2800
Ruttger,Senecaut,+62 832 513 4498
Noami,Baccup,+7 638 168 7543
Johan,Braddon,+48 831 336 8687
Reiko,Goring,+380 360 552 2303
Luis,Hutcheon,+385 943 380 8331
Isador,Limbert,+62 971 250 1855
Melinda,Petruska,+351 426 835 1434
Hilliard,Greenmon,+84 129 987 5401
Ronda,Morrott,+967 871 629 4381
Katya,Lenaghen,+62 108 153 8088
Dalenna,Aspole,+86 911 921 0555
Antoni,McKeachie,+385 988 107 3550
Nickie,Bingley,+66 736 997 9255
Arvin,Giotto,+53 741 609 0433
Bette-ann,Kenn,+48 942 249 0318
Michel,Sebire,+380 528 994 6549
Salomo,Slatford,+46 439 693 4198
Ines,Eam,+48 401 777 1227
Minna,Wolford,+92 427 828 6384
Lucky,Brandle,+54 911 706 3798
Bea,Kolinsky,+33 925 478 0815
Joshia,Morriarty,+46 510 626 7723
Arabela,Burston,+86 574 329 8971
Mela,Clery,+84 293 412 1317
Bradley,Trencher,+46 558 270 3542
Asia,Van Niekerk,+51 300 165 6975
Rickey,Ludewig,+86 263 720 7858
Linda,Buggy,+359 428 961 6957
Bertha,Gillebride,+86 503 800 7661
Adriano,Phelit,+48 822 736 2754
Mill,Kite,+86 546 673 0150
Filippa,Swedeland,+86 729 928 3650
Ingamar,Scinelli,+7 643 381 6032
Shandeigh,Zupone,+880 485 789 7068
Ringo,Brammar,+994 398 967 2296
Dasha,Duigan,+86 439 409 3149
Eb,Gurner,+84 151 450 2230
Blondie,Klessmann,+63 160 793 9096
Brandise,Agent,+57 887 457 9608
Jereme,Siemantel,+63 430 545 2852
Emmalynn,Pennetta,+62 492 501 4727
Becky,Bartot,+420 649 922 2148
Devora,Halliburton,+66 177 734 1379
Mufi,Cohane,+420 943 680 8745
Si,Evenden,+63 701 296 6894
Dede,Grasner,+63 883 468 1785
Gennifer,Ginsie,+86 699 134 9672
Edith,Harrower,+86 413 572 7721
Ignaz,Hulbert,+63 730 224 2623
Alvira,Wickling,+46 181 128 4699
Avigdor,Idel,+33 341 549 1630
Sarah,Russo,+7 595 622 4112
Octavius,Gratrex,+53 504 290 9200
Alasteir,Rosenfelt,+358 972 126 8954
Benedikt,Dafydd,+48 779 211 8460
Giordano,Hedan,+55 803 626 1102
Heidie,Stonebanks,+86 282 419 0499
Joscelin,Anneslie,+86 966 477 4592
Stavros,Madgin,+81 420 441 7756
Esta,Giral,+62 194 635 3694
Andree,Hunnawill,+33 958 482 3010
Connie,Doylend,+33 851 918 2228
Cora,Bendix,+98 259 398 1997
Ciel,Massey,+81 754 334 3394
Ulrikaumeko,Kidde,+48 451 754 6132
Randy,Seston,+62 468 319 5597
Geri,Tranckle,+63 823 200 4353
Guntar,Tiffin,+976 196 102 2426
Lelah,Pevie,+355 111 797 2784
Aurel,Jullian,+55 915 602 1044
Eadmund,Thorne,+86 810 158 7537
Lenore,Fillimore,+94 357 969 2583
Rachel,Ealden,+86 779 969 3950
Herman,Durand,+7 348 223 6620
Giulia,Cristofvao,+51 820 225 4340
Shaylah,Antunes,+84 563 686 5002
Lonni,Tott,+1 267 160 8588
Justinn,Brideau,+380 414 119 5830
Alden,O'Cullen,+48 739 270 4786
Meredithe,Leathard,+46 728 749 1614
Forrester,Berkowitz,+386 564 852 6312
Kenton,Cristofolini,+86 671 499 1014
Haley,Giovanardi,+7 500 586 7981
Maxy,Dollard,+48 348 367 4708
Genni,Woollett,+7 438 548 3563
Jerrine,Schrieves,+212 610 818 4505
Sonia,Fantini,+86 972 641 3541
Donella,Hounsom,+63 167 650 3462
Marjorie,Ryce,+66 828 745 6215
Lizette,Ruse,+591 632 935 2613
Arleyne,Neeve,+33 880 807 1913
Duffy,Frizell,+86 448 836 1129
Binni,Serjent,+48 952 758 8451
Rachelle,Chattell,+86 718 360 0344
Weston,Ottee,+51 136 275 2161
Alfred,Ludewig,+66 330 461 1805
Damian,Hornbuckle,+86 647 730 6209
Sharon,Rentcome,+27 382 216 8424
Genvieve,Skylett,+255 593 670 8181
Carlyle,Hauxley,+46 649 321 1906
Harlin,Bernth,+36 798 408 2403
Bordie,Hindrick,+44 968 633 5432
Berti,Render,+62 279 460 4073
Sherilyn,Chastey,+86 957 954 0815
Dominique,Djurkovic,+389 278 208 3227
Olly,Jarrad,+62 468 103 2756
Sal,Kopelman,+66 176 874 3182
Donovan,Aggus,+63 995 959 4778
Earl,Heims,+1 435 120 7575
Archibald,Gianuzzi,+46 634 925 6964
Nessi,Goodbar,+63 816 405 7915
Scarface,Druery,+81 986 232 0965
Coraline,Dreghorn,+63 763 741 4693
Antony,Tebbett,+7 586 257 0293
Gregoire,Sahlstrom,+1 229 194 2413
Rossie,Tomney,+86 751 720 2400
Carrol,Matasov,+81 998 540 5343
Nancie,Menichini,+55 410 504 6159
Itch,Smorthit,+351 986 964 3359
Lorilee,Pischof,+46 544 213 2226
Bari,Spilsted,+1 986 608 6495
Andie,Iglesias,+1 302 856 1947
Meade,Hedney,+86 892 539 7111
Randie,Sargeant,+351 582 878 1412
Wyatan,Begg,+27 418 917 4128
Aleece,Simecek,+86 198 354 8371
Johan,Philipps,+7 189 757 6420
Tressa,Sopper,+86 714 924 4691
Dode,Rymer,+62 122 512 0526
Alexis,Fadell,+48 331 139 9726
Huntlee,Ringer,+1 319 244 5905
Martyn,O'Luby,+234 499 387 0038
Seana,Shayes,+86 622 785 5256
Bo,Bevar,+62 970 356 7705
Irvine,Mannooch,+357 434 835 2733
Tabatha,Stanney,+34 107 513 2508
Eleanore,Matzl,+63 955 291 0947
Jordanna,O'Kuddyhy,+86 920 726 4047
Lezlie,Down,+86 945 298 8722
Anabel,Bloxholm,+7 179 633 9566
Claudelle,Cranke,+670 869 996 4585
Dionis,Roll,+62 242 525 0748
Tallou,McNeish,+7 994 761 6974
Eleen,Dunsmore,+86 771 330 3711
Stephine,Kinloch,+57 389 671 5229
Harley,Beange,+380 339 517 2677
Heloise,Harmar,+20 697 102 1803
Lurlene,Dodamead,+381 199 898 2090
Rhonda,Giacobo,+86 615 692 7600
Brennan,Racine,+359 472 661 3294
Carol,Gilby,+33 243 338 4026
Meris,Duffan,+20 913 844 6557
Malissia,Ernshaw,+86 967 771 7346
Arluene,Castane,+55 692 606 8333
Maggee,Vina,+93 781 494 5875
Buddie,Duckels,+86 293 902 2086
Bondon,Dwane,+62 493 589 3384
Honey,Flexman,+7 943 331 7450
Esmeralda,Higginbottam,+81 293 461 3236
Loutitia,Assiratti,+62 986 524 4621
Margalo,Regglar,+351 265 290 6362
Mace,Wesson,+420 757 209 9481
Arny,Mulholland,+54 435 299 2873
Andrea,Dalston,+58 783 205 7941
Tamqrah,Sleit,+63 147 357 1179
Gabie,Guillerman,+62 434 349 1759
Shoshana,Wimbridge,+46 593 910 8856
Jason,Chatteris,+62 676 234 8129
Slade,Swinnerton,+86 877 677 2372
Cosme,Zambon,+62 176 293 2168
Annamarie,Goosnell,+266 277 225 5220
Korrie,Geipel,+55 306 372 7889
Bealle,Hencke,+55 679 640 8750
Marilee,Dunkerly,+57 596 662 8318
Kristina,Bottelstone,+63 919 709 7714
Donni,Batrim,+62 908 241 4248
Brien,Orneblow,+63 195 569 1918
Janenna,Gerrans,+86 664 127 3218
Allyn,Lefwich,+7 624 164 7514
Phedra,McNeilly,+357 904 816 1303
Brande,Armitage,+7 306 765 8659
Kellsie,Bodocs,+63 955 212 8928
Staci,Pitkeathley,+62 837 457 4820
Cassey,Cheasman,+1 616 570 5490
Adelle,Filipson,+98 722 474 9345
Dasya,Fewlass,+86 444 492 1261
Nata,Gley,+62 144 497 8571
Corbett,Leon,+1 137 457 1369
Jerry,Naisbit,+593 416 462 5581
Wayne,Ponten,+63 497 298 3490
Belinda,Anfossi,+420 992 729 0988
Uri,Bowart,+1 797 846 6037
Brita,Leedes,+33 793 403 9702
Tanhya,Youdell,+7 264 406 4039
Corella,Surguine,+234 413 859 7286
Georgiana,Petrollo,+48 956 253 1484
Kass,Enrique,+237 561 213 0482
Derry,Vertey,+33 686 300 7014
Davon,Voisey,+46 402 271 7442
Willi,De Giorgis,+385 605 306 7142
Noami,Schapiro,+30 744 689 6787
Rube,Balaison,+60 532 823 0028
Dur,Sollner,+263 738 700 5198
Devondra,Fansy,+351 642 745 0521
Skelly,Dadge,+62 519 490 6929
Trula,Phillis,+375 636 183 7207
Svend,Nelthrop,+81 200 153 3113
Sawyere,Whitmore,+33 840 399 0064
Magnum,Dailly,+963 329 396 2757
Armstrong,Rediers,+387 285 285 9504
Benoite,Houten,+57 846 733 9361
Harmon,Youthead,+234 555 474 2700
Woodrow,Dace,+86 357 627 6910
Mersey,Mockett,+60 629 705 6289
Eberto,Alderwick,+33 246 181 2992
Benita,Slide,+63 157 358 2099
Gaynor,Pergens,+86 515 939 9927
Lefty,Reyes,+389 283 540 7146
Sherm,Stinson,+351 744 705 3009
Ivory,Stollenhof,+86 275 558 2093
Billie,Mullany,+7 860 350 3834
Vittorio,Beig,+86 325 717 9043
Crissy,Darkin,+51 307 554 7981
Gottfried,McCrachen,+86 666 464 3017
Melina,Cisland,+63 422 745 0011
Iris,Geeraert,+31 328 709 7730
Dew,Dockrey,+965 897 610 8428
Borg,Cribbins,+62 976 138 6020
Joseph,Shelton,+48 100 702 5290
Koral,Hambelton,+86 814 848 2853
Linn,Kirman,+86 522 202 7881
Burt,Hunstone,+86 884 800 8383
Carri,Vossgen,+7 623 459 6790
Hillyer,Whittingham,+81 491 113 7386
Carly,Lorimer,+234 835 288 9329
Ilsa,Iacovazzi,+62 890 312 1811
Yoko,Guilloux,+7 413 202 9512
Stu,Baggelley,+254 348 113 7846
Isaiah,Southworth,+678 302 900 9516
Kyla,Brabender,+7 637 858 7132
West,Parkman,+55 137 199 9249
Mahmud,MacMichael,+380 637 586 6067
Dinnie,Annand,+86 127 993 3604
Dunc,Hawkeswood,+7 506 595 5616
Nertie,Brawley,+371 224 951 7184
Min,Dell Casa,+33 442 863 5712
Vincent,Paske,+1 279 595 3085
Jeanine,Taudevin,+39 491 996 4574
Devin,Baron,+7 395 807 7103
Curr,Skeates,+46 447 207 0418
Amerigo,Dunphy,+66 670 319 5934
Annemarie,Witcher,+351 421 367 2694
Janice,Ferdinand,+62 273 787 5580
Bengt,Fenich,+62 144 622 8606
Davita,Diffley,+62 678 546 3333
Nannie,McCarry,+86 884 312 6745
Cindie,Labb,+33 178 912 7759
Lesli,Abrahamian,+420 948 347 3161
Ashlee,Alliband,+51 834 550 6568
Bran,Boorne,+52 881 644 7684
Idaline,Milburne,+976 368 273 2457
Riane,Skedgell,+63 129 932 3586
Joy,Cabena,+502 477 534 6462
Britteny,Giacobini,+62 962 551 7249
Fifine,Atwell,+62 890 691 2309
Winifred,Cockett,+976 937 586 1551
Temp,Fairhead,+260 307 675 9498
Darla,Jiras,+351 530 423 8400
Iggie,Emlin,+420 625 472 7530
Pauli,Ure,+60 649 412 4720
Ethelbert,Mcall,+93 454 867 0974
Rainer,Du Fray,+86 673 841 1268
Dorthea,Glede,+970 535 952 0386
Shamus,Cowill,+55 902 145 7999
Ezequiel,Grabban,+258 601 441 8141
Bentley,Lawling,+92 225 339 7754
Herby,Cosins,+52 294 997 7405
Dodi,Ducket,+86 895 767 9195
Corty,Aikman,+98 797 169 2799
Dorisa,Georges,+86 685 293 6466
Barrett,Signori,+62 978 129 3480
Lena,Vasic,+49 389 112 8072
Faith,Boorman,+7 435 528 5356
Hercules,Coules,+62 189 248 7904
Sonya,Wasbey,+86 599 286 1709
Delcine,Creffeild,+86 607 663 6727
Alikee,Dunn,+86 674 593 1066
Dehlia,Cockland,+1 559 409 3412
Zaneta,Ladewig,+966 624 340 7702
Sammy,Parrin,+86 791 386 5472
Dacia,Reeve,+62 801 843 0955
Rice,Coppock.,+62 965 856 8090
Nobie,Garlette,+33 920 173 3996
Nora,Outhwaite,+33 754 101 7914
Piper,Sarten,+63 638 910 7670
Ginnifer,Hallybone,+964 609 694 2411
Fonz,Cuming,+375 793 733 5740
Laurence,Burchall,+98 165 718 7273
Hester,Leggate,+7 633 947 9704
Lemuel,Dumbar,+86 586 996 4180
Christoper,Adamiak,+86 622 333 1892
Aurthur,Cleghorn,+63 272 853 6828
Arlen,McCritchie,+84 800 224 2502
Olivie,Solley,+49 805 932 8738
Cherice,Defont,+60 834 904 1996
Shana,McKibben,+7 679 573 8874
Joni,Escritt,+86 993 618 1133
Ethelred,Lefwich,+86 767 259 9323
Gustav,Preskett,+86 276 899 2544
Rebekkah,Maciak,+86 395 790 8631
Richie,Bagott,+242 350 494 1164
Maison,McCooke,+385 389 144 0344
Aeriell,Ravelus,+373 234 795 3983
Ivette,Ralton,+92 498 210 0595
Phyllys,Prendeville,+63 617 845 1597
Courtnay,Macquire,+7 551 161 0996
Creight,Cowburn,+380 631 153 4203
Octavia,Botley,+49 716 235 2843
Grier,Grugerr,+234 824 802 2182
Dorella,Notley,+62 930 253 9525
Joshia,Hessing,+298 160 324 0856
Hanson,Stobie,+86 531 429 1264
Ernst,Cowterd,+351 304 461 3610
Cordey,Whitmarsh,+62 518 182 0477
Windy,Brunicke,+86 242 411 9253
Myrwyn,Morstatt,+27 529 562 8541
Myron,Ondrusek,+48 585 506 1755
Fabiano,Probin,+880 707 453 2463
Uta,Guyers,+62 577 812 4210
Alexina,Oran,+86 317 143 8734
Gideon,Markie,+86 802 395 9401
Andrei,Godden,+31 538 976 7951
Wallache,Wilcock,+385 858 233 8896
Esta,Kobiela,+86 981 747 3986
Had,Treske,+7 789 968 2553
Lynda,Obert,+62 307 164 7734
Aline,Verling,+375 252 712 3621
Emmet,Honack,+51 865 664 1508
Halley,Biddwell,+216 754 936 7046
Lefty,Froment,+66 812 862 4219
Gerianne,Gurwood,+62 292 495 3366
Alano,Gjerde,+86 196 994 3816
Nani,Sacaze,+380 689 247 5351
Alvinia,McKyrrelly,+351 558 545 5474
Suzanne,Kemmer,+358 545 102 2160
Red,Iskowitz,+86 884 763 5407
Sidney,Odell,+62 152 578 8199
Ernestine,Bogace,+62 174 421 5545
Daryl,Fownes,+218 585 450 4029
Amberly,Dinsmore,+92 766 300 9338
Salomone,Mayberry,+380 963 146 1817
Griffith,Perchard,+46 231 659 0315
Bartholomeo,Batterbee,+55 542 464 6379
Care,Harragin,+502 157 581 4571
Felita,Halworth,+33 394 830 3905
Lisetta,Barthod,+351 718 320 6748
Tam,Flanner,+356 530 253 0495
Cully,Pasby,+51 637 967 3420
Fredek,Baterip,+52 963 118 4781
Adore,Donnelly,+358 457 377 1402
Averil,McTrustram,+27 320 759 6083
Carly,Aluard,+51 695 991 3597
Maurita,Downs,+81 176 246 1612
Madalena,Kitter,+7 849 608 6992
Israel,Casserley,+86 957 367 9123
Franciska,Matthiesen,+7 456 749 7998
Cordy,Wedmore,+62 226 617 4559
Walker,Skurray,+94 250 240 8642
Laird,Franken,+86 452 602 1659
Karly,Talton,+86 255 378 3315
Jeanna,Bulford,+86 274 668 7001
Rriocard,Syms,+44 626 224 8513
Bronson,Laven,+353 291 599 2675
Cesar,Twizell,+48 565 381 6264
Ambrosius,Twallin,+84 523 266 9427
Giralda,Risson,+62 253 838 7847
Amalee,McCleverty,+57 180 388 1420
Morty,Behrens,+86 823 276 7066
Rad,Hattiff,+63 407 120 5138
Colby,Hairesnape,+371 620 195 6026
Ludovico,Shippey,+51 148 788 0294
Emile,Menendes,+62 150 810 6648
Nita,Berston,+86 685 811 0050
Tabor,Catterson,+55 468 858 1048
Saloma,Ales,+86 922 179 3590
Raymond,McDuff,+33 382 429 1992
Sheelah,Maclean,+237 268 820 5692
Marci,Gerring,+53 334 452 8133
Clayborne,Firmin,+62 416 414 3286
Ulrikaumeko,Dreus,+86 262 657 5732
Petey,Miguel,+254 359 521 3010
Elijah,Snartt,+86 707 583 2398
Katy,Wewell,+62 904 190 8617
Hesther,Maryin,+62 108 655 6629
Garwin,Winger,+241 545 266 7641
Tana,Clarae,+86 428 912 7354
Sascha,Artinstall,+1 505 378 2661
Rona,Work,+351 110 772 4417
Carine,Fleckney,+86 921 659 9992
Chance,MacConnel,+47 914 414 5419
Birgitta,Hicken,+63 552 136 7464
Frasco,Munsey,+234 710 709 6321
Maisie,Daniells,+63 697 464 5748
Gard,Otteridge,+225 582 923 0143
Adelbert,Casarini,+216 511 102 1498
Maximo,Sandlin,+62 493 492 8742
Staffard,Kristof,+86 549 674 1306
Selle,Alenikov,+86 216 751 1261
Myranda,Felix,+7 776 682 5042
Erhart,Burriss,+48 383 296 4706
Galvin,Schoenleiter,+46 388 561 3333
Odille,Japp,+62 698 545 8172
Lilyan,Lody,+55 784 676 0704
Amaleta,Kelsow,+62 633 885 4999
Olimpia,Castri,+679 337 487 5536
Clotilda,Goymer,+46 670 549 1004
Minna,Kirkby,+86 384 456 7452
Martica,Kunneke,+46 962 720 5878
Mercy,Willmont,+33 915 803 9124
Casi,Harvatt,+46 837 848 5758
Broddie,Wyman,+380 166 481 2350
Guenna,Rodger,+46 390 953 3043
Sondra,Killford,+63 767 655 3974
Lay,Hoffmann,+86 208 804 7812
Elane,Cheney,+48 361 124 9836
Charleen,Schmuhl,+86 583 424 4408
Loralie,Hartropp,+55 598 151 1547
Ogden,Matessian,+86 163 412 1726
Zoe,Crowcum,+591 587 735 1281
Andie,Stolberg,+55 207 984 7667
Stefanie,Newens,+351 822 969 4406
Jedd,MacIlraith,+55 378 417 2874
Lizzy,McSkin,+46 538 988 7393
Ely,Maffioletti,+86 707 220 4130
Claudia,Meak,+62 253 445 1475
Alexander,Coronado,+86 791 410 9578
Leshia,Paine,+86 314 144 7582
Nicki,Yushkov,+242 691 903 0181
Adda,Waulker,+57 653 546 4459
Krysta,Cartlidge,+850 170 946 6783
Rayna,Squibbs,+30 492 134 2704
Catha,Castano,+7 105 221 3025
Inger,Oland,+86 220 260 4003
Tymon,Mollon,+86 197 884 2045
Rubin,Volke,+55 554 447 6384
Saunderson,Runchman,+381 986 366 8400
Dennet,Ettridge,+62 605 477 2319
Loydie,Skeat,+33 696 262 3651
Marshall,Gentle,+1 303 306 4587
Marney,Hallett,+55 132 697 2796
Stacee,Linstead,+62 345 934 3796
Robin,O'Flaherty,+420 561 437 3556
Meyer,Biles,+86 485 582 9233
Penny,Cardon,+55 104 455 6496
Margret,Leah,+86 455 896 1898
Chevy,Gooderson,+63 276 974 5797
Osborn,Dreghorn,+48 887 654 7297
Hadley,Hintzer,+420 307 517 2624
Pat,Insall,+992 806 148 0238
Town,Ianni,+7 874 713 7444
Alicia,Molloy,+33 114 221 2578
Terry,Gearing,+86 977 718 5431
Alfi,Booth,+880 807 341 6685
Mylo,Cater,+54 787 282 4205
