email,password,person_id,authorization_level
ypcpocc@protonmail.com,k1jb4gWaz97lBhy,22420245559,1
nayvvvw@protonmail.com,W5NsluJwfqwKqNV,20434309772,1
mbjqxpswrbmbobc@gmail.com,I97PZ0KJ3PE8hZF,58683803325,1
btdrvn@protonmail.com,6OOXTnWNgbK0IiG,95559533224,1
eqgydc@protonmail.com,W6LZSzexJ5ZoTPx,83254983557,1
mkvlyjjnkog@gmail.com,MQHmJbZxKz6TkSv,63988185013,1
zytkjqzbrf@hotmail.com,JS61fxj5I4c5Ayi,86374969073,1
qhjblsqitjqtvt@gmail.com,wgiYb4xCMBQlev0,96657362446,1
uqvnzfci@gmail.com,dcQEZ0kLACJZEno,99031217996,1
xyrcqztzscru@hotmail.com,132RRUTwxNtICwW,44012636419,1
dludzhrikpurc@gmail.com,MmFZAIdxhylZzTI,15623127304,1
ddtpucuj@gmail.com,4hJ1q1rzB0kVmuk,01835605655,1
cbxukhkxiudikyu@gmail.com,rVqIs3stqt5ukXe,26235276324,1
oiaauf@hotmail.com,Z6wvfkka6xs5TtB,67444972289,1
ulzpxiq@protonmail.com,JeHkEDKKBE53Tf1,74508073429,1
wjbjlixkoho@protonmail.com,alPtQBzWu0y5L1d,39210372198,1
sgtfbm@hotmail.com,pw5AsptThadu3Wq,13646660900,1
qfxvkjlzarywjeo@gmail.com,o6Gst5iClEXFsIM,79631919356,1
eesxwdppxwbo@protonmail.com,ml6CWgz3UM26QzF,05315859494,1
odpferuzfptmqo@protonmail.com,M9b1oK4TKKIMSmE,92600920203,1
dmjcfwjdztozg@hotmail.com,r9diT3lLJFvWtqd,35643077384,1
biyotkskykbnyu@protonmail.com,Jg5Ji0OH7K3hVK9,53110650652,1
hlzlnjnbixgupaf@gmail.com,NS4Fxw1mkVvVFue,83825924424,1
ilcsfozbwzhh@protonmail.com,FTHPz5wXk2LOAPa,32788467016,1
jyuzwl@hotmail.com,npuaMKCn73MznJD,77744541182,1
dwyfwqtc@protonmail.com,TNgSaEg5lkWOS7f,47299576752,1
qhjxvsvsqywj@hotmail.com,snJjdMBIHi8BkEp,21666831132,1
nzrhgeyooml@hotmail.com,6Nghk2l2TDQcqPw,71998554107,1
kiaeyia@gmail.com,YBgzHNXZilKFz0b,68530518609,1
nsgvdiverucy@protonmail.com,JlrGu6qZ6xnWc1D,49092556502,1
inztoiffwjyr@protonmail.com,Up2X3udenGnqdx0,50841882511,0
rhwzxvm@hotmail.com,bLlisopYqS3OCCU,59612978103,2
nmfkqzcrzjvo@gmail.com,aWQ9vDjZ6sDnPUZ,69061853808,0
dfxaio@protonmail.com,fpkuHFaBmsHjE0T,88863537287,2
fawsdxijerzhn@gmail.com,k6bFGuHyxR1wnCG,68382820707,2
cjwoznkswyry@protonmail.com,nTvLLXRXqV0GBoW,33612318351,2
yhfxqeiuwr@hotmail.com,mQNdJ7PzbwAATwL,33289560654,0
kpysli@protonmail.com,WmzHn5oES2eXGyv,16589826039,0
jompxnrasnv@hotmail.com,3yBBkQCAaBeZGOr,65163997181,2
wgmwzfdfzo@protonmail.com,ZE4nCSyCUKKhOYj,35014796264,2
qokeufdxvtideh@gmail.com,DjX7O3y4rABSaTe,86948772768,0
nvcivwnbcgbzbku@protonmail.com,t41Jt97hEIPCRHx,52125620606,2
cxgpcqtdbdu@hotmail.com,Hv86BXNdJsUToXu,50625334897,0
uecwgnj@protonmail.com,TGb7yXudQA0YHbV,82990955568,0
nfcvjkfldayhwh@protonmail.com,hjhg2miIqZRWJQw,09094003799,0
bnneftqubpczlf@hotmail.com,3nuziT0IcUM6q7M,15606096196,0
ywupsqkkeeey@hotmail.com,ryUBWkW2LqB1rcY,05425346581,0
mmozip@protonmail.com,fwbTUWbcZM6yIxP,40726689600,0
rrshdniktrrfvre@hotmail.com,h6duvt9ZSixzWfZ,27293784139,2
qxhodsdrrinr@gmail.com,ToWDuKj06t6wbOd,59749976979,0
